{
  "timestamp": "2025-10-06T01:36:37.512230",
  "model": "yolos-small",
  "n_layers": 12,
  "profile_results": [
    {
      "exit_layer": 3,
      "gflops": 1.637139456,
      "params_M": 5.618688,
      "inference_time_ms": 2.06162691116333,
      "theoretical_fps": 485.05381579236484,
      "savings_percent": 74.3199835778347,
      "theoretical_speedup": 3.894078506651055
    },
    {
      "exit_layer": 6,
      "gflops": 3.21647616,
      "params_M": 10.94208,
      "inference_time_ms": 3.3349132537841797,
      "theoretical_fps": 299.8578745235079,
      "savings_percent": 49.54665571855648,
      "theoretical_speedup": 1.9820291682186757
    },
    {
      "exit_layer": 9,
      "gflops": 4.795812864,
      "params_M": 16.265472,
      "inference_time_ms": 4.662284851074219,
      "theoretical_fps": 214.48710920560632,
      "savings_percent": 24.77332785927824,
      "theoretical_speedup": 1.3293157487139182
    },
    {
      "exit_layer": 12,
      "gflops": 6.375149568,
      "params_M": 21.588864,
      "inference_time_ms": 5.979306697845459,
      "theoretical_fps": 167.24346994281677,
      "savings_percent": 0.0,
      "theoretical_speedup": 1.0
    }
  ],
  "summary": {
    "max_savings_percent": 74.3199835778347,
    "max_theoretical_speedup": 3.894078506651055
  }
}