Model,Parameters (M),Tracking Rate,Avg Confidence,Frames Tracked,Dataset,Total Frames,Efficiency
yolov8n,3.2,0.857,0.468,36,MOT17-02,42,0.26781249999999995
yolov8s,11.2,0.968,0.764,333,MOT17-02,344,0.08642857142857144
yolov8m,25.9,0.929,0.654,474,MOT17-02,510,0.03586872586872587
yolov8l,43.7,0.857,0.538,36,MOT17-02,42,0.01961098398169336
yolov8x,68.2,0.854,0.572,35,MOT17-02,41,0.01252199413489736
Adaptive (MOT17-04),25.9,0.935,0.695,373,MOT17-04,399,0.03610038610038611
